RNK;NAME;ROLE;NAT;HEIGHT;AGE;TM NAME;GP;W;L;W%;MIN;PTS;2PTM;2PTA;2PT%;3PTM;3PTA;3PT%;FGM;FGA;FG%;FTM;FTA;FT%;OR;DR;TR;AST;TO;ST;BLK;BLKA;PF;DF;VAL;+ / -;POSS;USG%;PPP;OFF RTG (ON);DEF RTG (ON);NET RTG (ON);IND OFF RTG;IND DEF RTG;IND NET RTG;eFG%;TS%;RIM FREQ;RIM PPS;PAINT FREQ;PAINT PPS;MID FREQ;MID PPS;C3 FREQ;C3 PPS;L3 FREQ;L3 PPS;FT Ratio;TO%;LTO%;DTO%;AST%;AST% (2P);AST% (3P);AST% (FT);AST Ratio;AST/TO;OR%;OR% (after 2P);OR% (after 3P);OR% (after FT);DR%;DR% (after 2P);DR% (after 3P);DR% (after FT);TR%;ST%;BLK%;BLK% (2P);BLK% (3P);PF 100 Poss;DF 100 Poss;PER;OFF WIN SHARE;DEF WIN SHARE;WIN SHARE;WIN Share per 40;OBPM;DBPM;BPM;VORP;TM PACE (ON);TM OFF RTG (ON);TM DEF RTG (ON);TM NET RTG (ON);TM TS% (ON);TM OR% (ON);TM TO% (ON);TM FT Ratio (ON);OPP TS% (ON);OPP OR% (ON);OPP TO% (ON);OPP FT Ratio (ON);TM PACE (OFF);TM OFF RTG (OFF);TM DEF RTG (OFF);TM NET RTG (OFF);TM TS% (OFF);TM OR% (OFF);TM TO% (OFF);TM FT Ratio (OFF);OPP TS% (OFF);OPP OR% (OFF);OPP TO% (OFF);OPP FT Ratio (OFF);TM PACE (NET);TM OFF RTG (NET);TM DEF RTG (NET);TM NET RTG (NET);TM TS% (NET);TM OR% (NET);TM TO% (NET);TM FT Ratio (NET);OPP TS% (NET);OPP OR% (NET);OPP TO% (NET);OPP FT Ratio (NET)
140;Tarik Biberovic;F;TUR;201;23;Fenerbahce Beko Istanbul;1;0;1;0;18;4;1;2;0,5;0;2;0;1;4;0,25;2;2;1;0;2;2;2;1;0;0;0;4;2;2;10;6;0,171428571;0,666666667;130;93,5483871;36,4516129;114,0880771;87,24541395;26,84266318;0,25;0,4;0;-;0,166666667;0;0,166666667;2;0;-;0,333333333;0;0,166666667;0,166666667;0,166666667;0;0,133333333;0;0,4;0;0,25;2;0;0;0;0;0,142857143;0,142857143;0,166666667;0;0,071428571;0;0;0;0;12,90322581;6,666666667;13,60642892;0,59035673;0,77694247;1,367299201;0,10851581;0,081492284;-0,729967324;-0,648475041;0,468943191;65,04065041;130;93,5483871;36,4516129;0,629032258;0,357142857;0,114285714;0,085714286;0,5;0,357142857;0,24137931;0,137931034;72,38979118;46,15384615;115,7894737;-69,63562753;0,28125;0,166666667;0,255813953;0,023255814;0,709677419;0,214285714;0,208333333;0,125;-7,349140777;83,84615385;-22,24108659;106,0872404;0,347782258;0,19047619;-0,141528239;0,062458472;-0,209677419;0,142857143;0,033045977;0,012931034
141;Nick Calathes;PG;GRE;198;35;Fenerbahce Beko Istanbul;2;0;2;0;31,5;4;1;2,5;0,4;0,5;2,5;0,2;1,5;5;0,3;0,5;0,5;1;2,5;4;6,5;4;2,5;1,5;0;0;2;1,5;9,5;-5,5;7,5;0,12195122;0,533333333;96,33027523;103,5714286;-7,241153342;95,60796266;94,838271;0,769691654;0,35;0,4;0,066666667;2;0,266666667;0,5;0;-;0;-;0,333333333;0,6;0;0,333333333;0,266666667;0,066666667;0,19047619;0,217391304;0,142857143;0,2;0,347826087;1,6;0,086206897;0,047619048;0,117647059;0;0,186046512;0,15;0,277777778;0;0,128712871;0,026785714;0;0;0;3,571428571;2,752293578;14,169541;1,614662958;1,815522835;3,430185793;0,151946215;0,557678053;1,42474128;1,982419333;2,10359696;69,66711052;96,33027523;103,5714286;-7,241153342;0,51980198;0,24137931;0,178861789;0,040650407;0,610526316;0,348837209;0,34375;0,15625;73,49282297;112,5;141,9354839;-29,43548387;0,529411765;0,333333333;0,105263158;0,184210526;0,6875;0,352941176;0,072463768;0,028985507;-3,825712447;-16,16972477;-38,3640553;22,19433053;-0,009609785;-0,091954023;0,073598631;-0,14356012;-0,076973684;-0,004103967;0,271286232;0,127264493
142;Tyler Dorsey;SG;USA;196;28;Fenerbahce Beko Istanbul;2;0;2;0;11,5;3,5;0,5;1;0,5;0,5;2,5;0,2;1;3,5;0,285714286;1;2;0,5;0;1;1;0,5;0,5;0,5;0;0,5;1;1,5;1,5;-9;5;0,2;0,7;100;140,4761905;-40,47619048;77,36354364;127,5023526;-50,13880899;0,357142857;0,388888889;0,1;0;0;-;0,1;2;0,1;0;0,4;0,75;0,2;0,1;0;0,1;0,0625;0;0,25;0;0,090909091;1;0;0;0;0;0,111111111;0,142857143;0;0;0,05;0,023809524;0;0;0;4,761904762;7,317073171;14,62924495;0,962632396;0,681100188;1,643732584;0,098279975;0,4200374;-1,862598562;-1,442561162;0,22363595;71,0982659;100;140,4761905;-40,47619048;0,5;0,409090909;0,18;0,12;0,7375;0,388888889;0,214285714;0,119047619;70,25761124;100;100;0;0,531914894;0,203703704;0,153153153;0,054054054;0,58045977;0,333333333;0,235772358;0,097560976;0,840654655;0;40,47619048;-40,47619048;-0,031914894;0,205387205;0,026846847;0,065945946;0,15704023;0,055555556;-0,021486643;0,021486643
143;Marko Guduric;SG;SRB;196;29;Fenerbahce Beko Istanbul;2;0;2;0;20;8;2,5;4,5;0,555555556;1;3,5;0,285714286;3,5;8;0,4375;0;0;-;0,5;1;1,5;1,5;2;1;0;0,5;3;0,5;2,5;-1,5;10;0,238095238;0,8;102,8571429;111,9402985;-9,08315565;98,41341348;102,855262;-4,44184854;0,5;0,5;0,2;1;0,25;1,2;0;-;0,05;0;0,3;1;-;0,2;0,15;0,05;0,12;0,1;0,25;0;0,130434783;0,75;0,025;0;0,047619048;0;0,064516129;0,0625;0,111111111;0;0,042253521;0,029850746;0;0;0;8,955223881;1,428571429;14,64171656;1,52517041;1,614748164;3,139918574;0,158182296;1,119346464;-0,105772321;1,013574142;1,434896777;69,88352745;102,8571429;111,9402985;-9,08315565;0,514285714;0,35;0,166666667;0,095238095;0,63559322;0,322580645;0,305084746;0,152542373;71,11853088;97,18309859;111,8421053;-14,65900667;0,530769231;0,166666667;0,155844156;0,051948052;0,625;0,379310345;0,188679245;0,075471698;-1,235003431;5,674044266;0,098193244;5,575851021;-0,016483516;0,183333333;0,010822511;0,043290043;0,01059322;-0,0567297;0,1164055;0,077070675
144;Nigel Hayes Davis;F;USA;203;30;Fenerbahce Beko Istanbul;2;0;2;0;28,5;8,5;1,5;3,5;0,428571429;1,5;4;0,375;3;7,5;0,4;1;1,5;0,666666667;1;2;3;2,5;0,5;1,5;0;0,5;2;4;11,5;-2;8,5;0,157407407;1;104,1237113;106,0606061;-1,93689472;108,3579728;97,81272544;10,54524736;0,5;0,53125;0,117647059;2;0,235294118;0;0,058823529;2;0;-;0,470588235;1,125;0,058823529;0,058823529;0;0,058823529;0,142857143;0,157894737;0,153846154;0;0,227272727;5;0,040816327;0,055555556;0,034482759;0;0,095238095;0,117647059;0,052631579;0,2;0,065934066;0,03030303;0;0;0;4,04040404;8,24742268;16,58701052;1,120941425;1,884607819;3,005549244;0,103194824;1,916789044;0,722958937;2,639747982;3,424516145;69,12114014;104,1237113;106,0606061;-1,93689472;0,554945055;0,224489796;0,157407407;0,046296296;0,603448276;0,333333333;0,310344828;0,137931034;73,74301676;90,90909091;125;-34,09090909;0,454545455;0,333333333;0,169811321;0,132075472;0,6875;0,388888889;0,141025641;0,064102564;-4,621876617;13,21462043;-18,93939394;32,15401437;0,1003996;-0,108843537;-0,012403913;-0,085779175;-0,084051724;-0,055555556;0,169319187;0,07382847
145;Sehmus Hazer;SG;TUR;193;25;Fenerbahce Beko Istanbul;1;0;1;0;4;0;0;0;-;0;0;-;0;0;-;0;2;0;0;0;0;0;0;0;0;0;0;1;-1;-7;1;0,142857143;0;66,66666667;157,1428571;-90,47619048;0;122,8533333;-122,8533333;-;0;0;-;0;-;0;-;0;-;0;-;1;0;0;0;0;-;0;0;0;0;0;0;0;0;0;0;-;0;0;0;0;0;0;0;16,66666667;-3,7898734;-0,087219643;0,007730494;-0,079489149;-0,096350483;-7,500204341;-0,749994259;-8,2501986;-0,61457258;64,86486486;66,66666667;157,1428571;-90,47619048;0,285714286;0,2;0;0,285714286;0,5;0,666666667;0;0,076923077;72,72727273;121,2121212;113,4328358;7,779285391;0,615384615;0,303030303;0,144736842;0,078947368;0,678571429;0,346153846;0,28;0,08;-7,862407862;-54,54545455;43,71002132;-98,25547587;-0,32967033;-0,103030303;-0,144736842;0,206766917;-0,178571429;0,320512821;-0,28;-0,003076923
146;Yam Madar;PG;ISR;190;24;Fenerbahce Beko Istanbul;1;0;1;0;7;0;0;0;-;0;0;-;0;0;-;0;0;-;0;0;0;2;0;0;1;0;0;1;4;-6;0;-;-;107,1428571;161,5384615;-54,3956044;200;140,4756264;59,52437364;-;-;-;-;-;-;-;-;-;-;-;-;-;-;-;-;0,25;0,5;0;0;-;2;0;0;0;0;0;0;-;0;0;0;0,066666667;0,090909091;0;0;7,142857143;12,16855524;0,533292667;0,701749487;1,235042154;0,12167903;-0,017419825;-0,456639354;-0,47405918;0,362402781;80,19093079;107,1428571;161,5384615;-54,3956044;0,46875;0,444444444;0,111111111;0,277777778;0,65625;0,555555556;0,111111111;0,055555556;69,57315681;99,21259843;106,9230769;-7,710478498;0,529411765;0,23880597;0,167832168;0,048951049;0,626126126;0,31372549;0,244897959;0,108843537;10,61777397;7,930258718;54,61538462;-46,6851259;-0,060661765;0,205638474;-0,056721057;0,228826729;0,030123874;0,241830065;-0,133786848;-0,053287982
150;Johnathan Motley;C;USA;206;29;Fenerbahce Beko Istanbul;2;0;2;0;9;3,5;1,5;3;0,5;0;0;-;1,5;3;0,5;0,5;1;0,5;1;1;2;1;1;0,5;0;0;1;0,5;3,5;-6,5;4,5;0,214285714;0,777777778;108,8235294;147,0588235;-38,23529412;82,3900065;135,8570729;-53,46706637;0,5;0,5;0,111111111;0;0,555555556;1,2;0;-;0;-;0;-;0,111111111;0,222222222;0,222222222;0;0,153846154;0;0,2;0,5;0,181818182;1;0,117647059;0,25;0;0;0,166666667;0,2;0;0;0,137931034;0,029411765;0;0;0;5,882352941;2,941176471;19,503622;0,848068458;0,999656582;1,84772504;0,109494817;-0,490450863;-0,747249993;-1,237700855;0,336040599;73,11827957;108,8235294;147,0588235;-38,23529412;0,578125;0,470588235;0,238095238;0,095238095;0,833333333;0,416666667;0,3;0,066666667;69,70684039;97,19626168;100,9174312;-3,72116951;0,504854369;0,203389831;0,134453782;0,067226891;0,567010309;0,333333333;0,214814815;0,111111111;3,411439179;11,62726773;46,14139234;-34,51412461;0,073270631;0,267198405;0,103641457;0,028011204;0,266323024;0,083333333;0,085185185;-0,044444444
152;Georgios Papagiannis;C;GRE;217;27;Fenerbahce Beko Istanbul;2;0;2;0;5;4,5;0,5;1;0,5;1;1,5;0,666666667;1,5;2,5;0,6;0,5;1;0,5;0;2;2;0;0;0;0,5;0;0,5;0,5;5,5;-5,5;3;0,315789474;1,5;82,35294118;131,5789474;-49,22600619;116,0835377;102,3614067;13,722131;0,8;0,75;0,166666667;2;0;-;0,166666667;0;0;-;0,5;2;0,166666667;0;0;0;0;-;0;0;0;0;0;0;0;0;0,444444444;0,285714286;-;0,5;0,181818182;0;0,058823529;0,071428571;0;5,263157895;5,882352941;16,7103614;0,701405207;1,168044665;1,869449872;0,123396031;0,796701012;2,523710587;3,320411599;1,983360039;66,77577741;82,35294118;131,5789474;-49,22600619;0,388888889;0,153846154;0,052631579;0,157894737;0,625;0,444444444;0,130434783;0,130434783;71,0432084;102,4193548;108,8709677;-6,451612903;0,542735043;0,285714286;0,176056338;0,063380282;0,630841121;0,333333333;0,246478873;0,098591549;-4,267430989;-20,06641366;22,70797963;-42,77439329;-0,153846154;-0,131868132;-0,123424759;0,094514455;-0,005841121;0,111111111;-0,116044091;0,031843233
153;Dyshawn Pierre;F/PF;CAN;198;31;Fenerbahce Beko Istanbul;2;0;2;0;16,5;9,5;3,5;5,5;0,636363636;0,5;2,5;0,2;4;8;0,5;1;1;1;0,5;2;2,5;1,5;0,5;0;0,5;0;1,5;1,5;9,5;-1;9;0,276923077;1,055555556;103,2786885;104,8387097;-1,560021153;110,4064649;102,6263887;7,780076131;0,53125;0,558823529;0,222222222;2;0,333333333;0,666666667;0,055555556;2;0,111111111;1,5;0,111111111;0;0,055555556;0,055555556;0,055555556;0;0,1875;0,25;0,181818182;0;0,142857143;3;0,033333333;0;0,058823529;0;0,173913043;0,090909091;0,2;0;0,094339623;0;0,022222222;0,04;0;4,838709677;4,918032787;13,66443073;0,562495425;0,937623317;1,500118742;0,112368445;0,753576414;1,339071254;2,092647668;1,877318836;72,98105683;103,2786885;104,8387097;-1,560021153;0,572727273;0,133333333;0,153846154;0,030769231;0,65;0,260869565;0,37254902;0,098039216;68,71868289;97,5;117,2839506;-19,78395062;0,4875;0,347826087;0,166666667;0,104166667;0,616883117;0,405405405;0,166666667;0,105263158;4,262373938;5,778688525;-12,44524094;18,22392946;0,085227273;-0,214492754;-0,012820513;-0,073397436;0,033116883;-0,14453584;0,205882353;-0,007223942
154;Sertac Sanli;C;TUR;212;33;Fenerbahce Beko Istanbul;2;0;2;0;20;9;1;2;0,5;2;4,5;0,444444444;3;6,5;0,461538462;1;1;1;0,5;1,5;2;2,5;1;0,5;0;0;2;1,5;9;5;8;0,202531646;1,125;114,2857143;101,4492754;12,83643892;119,0402961;96,35192283;22,68837327;0,615384615;0,642857143;0;-;0,125;2;0,125;0;0;-;0,5625;1,333333333;0,0625;0,125;0,0625;0,0625;0,185185185;0,125;0,428571429;0;0,238095238;2,5;0,028571429;0,076923077;0;0;0,103448276;0,076923077;0,076923077;0,333333333;0,0625;0,014492754;0;0;0;5,797101449;4,285714286;9,572751;-0,258280799;0,663425691;0,405144892;0,038041774;-1,24441055;-0,489329538;-1,733740088;0,069774878;69,76744186;114,2857143;101,4492754;12,83643892;0,571428571;0,257142857;0,113924051;0,063291139;0,583333333;0,310344828;0,316666667;0,133333333;71,23745819;85,91549296;121,6216216;-35,70612866;0,469230769;0,268292683;0,207317073;0,085365854;0,671641791;0,387096774;0,180952381;0,085714286;-1,470016334;28,37022133;-20,17234626;48,54256759;0,102197802;-0,011149826;-0,093393023;-0,022074714;-0,088308458;-0,076751947;0,135714286;0,047619048
155;Nathan Sestina;PF;USA;205;27;Fenerbahce Beko Istanbul;2;0;2;0;17,5;9;1,5;1,5;1;1,5;4;0,375;3;5,5;0,545454545;1,5;2;0,75;1;2;3;0;2;0,5;0;0;1,5;1;7;-12,5;8,5;0,226666667;1,058823529;76,92307692;111,9402985;-35,01722158;80,3266223;104,2204114;-23,89378911;0,681818182;0,692307692;0,058823529;2;0,058823529;2;0,058823529;2;0;-;0,470588235;1,125;0,117647059;0,235294118;0,117647059;0,117647059;0;0;0;0;0;0;0,052631579;0;0,052631579;0,25;0,142857143;0,210526316;0;0;0,090909091;0,014925373;0;0;0;4,47761194;3,076923077;10,48322068;0,056971015;0,992549145;1,049520161;0,103912887;0,110056697;0,611614519;0,721671216;0,69661998;72,35621521;76,92307692;111,9402985;-35,01722158;0,423728814;0,263157895;0,213333333;0,093333333;0,63559322;0,357142857;0,290322581;0,14516129;68,98638427;119,7368421;111,8421053;7,894736842;0,598684211;0,263157895;0,11627907;0,058139535;0,625;0,34375;0,194174757;0,077669903;3,369830947;-42,81376518;0,098193244;-42,91195843;-0,174955397;0;0,097054264;0,035193798;0,01059322;0,013392857;0,096147823;0,067491387
156;Scottie Wilbekin;PG;USA;188;31;Fenerbahce Beko Istanbul;2;0;2;0;25,5;9;1;4,5;0,222222222;2;5,5;0,363636364;3;10;0,3;1;1;1;1;2;3;3,5;2,5;2,5;0;0,5;2,5;2;7,5;-7,5;13;0,26;0,692307692;92,30769231;106,4516129;-14,1439206;88,22402648;93,12981933;-4,905792846;0,4;0,428571429;0;-;0,230769231;0,666666667;0,115384615;0;0,038461538;0;0,384615385;1,2;0,038461538;0,192307692;0,076923077;0,115384615;0,25;0,142857143;0,4;0,25;0,212121212;1,4;0,04;0,095238095;0;0;0,111111111;0,111111111;0,142857143;0;0,069767442;0,053763441;0;0;0;5,376344086;4,395604396;18,11926806;1,977038834;1,73726557;3,714304404;0,146665524;4,264368352;-1,117119847;3,147248504;2,977032058;71,74770039;92,30769231;106,4516129;-14,1439206;0,5;0,18;0,16;0,05;0,626582278;0,305555556;0,325;0,1375;68,33712984;114;122;-8;0,558823529;0,423076923;0,163934426;0,114754098;0,635416667;0,416666667;0,141176471;0,070588235;3,410570554;-21,69230769;-15,5483871;-6,143920596;-0,058823529;-0,243076923;-0,003934426;-0,064754098;-0,008834388;-0,111111111;0,183823529;0,066911765
189;Isaiah Canaan;PG;USA;183;33;Olympiacos Piraeus;2;1;1;0,5;16,5;7,5;0;0,5;0;2;4;0,5;2;4,5;0,444444444;1,5;1,5;1;0;0;0;1;1,5;0;0;0;2;1;3,5;-11;6,5;0,191176471;1,153846154;94,82758621;137,5;-42,67241379;111,1745154;133,0336129;-21,85909755;0,666666667;0,75;0;-;0;-;0,076923077;0;0,153846154;3;0,461538462;1;0,076923077;0,230769231;0,076923077;0,153846154;0,111111111;0,222222222;0;0;0,133333333;0,666666667;0;0;0;0;0;0;0;0;0;0;0;0;0;7,142857143;3,448275862;14,84537493;1,145869714;1,553910762;2,699780476;0,114155623;1,91880133;-0,273406443;1,645394887;1,980810956;70,19667171;94,82758621;137,5;-42,67241379;0,528846154;0,321428571;0,235294118;0,102941176;0,7;0,318181818;0,142857143;0,035714286;72,41746539;127,0588235;111,9047619;15,15406162;0,65060241;0,43902439;0,194174757;0,058252427;0,594936709;0,292682927;0,165048544;0,126213592;-2,220793679;-32,23123732;25,5952381;-57,82647542;-0,121756256;-0,117595819;0,04111936;0,044688749;0,105063291;0,025498891;-0,022191401;-0,090499307
190;Moustapha Fall;C;FRA;218;32;Olympiacos Piraeus;2;1;1;0,5;19,5;2;1;1,5;0,666666667;0;0;-;1;1,5;0,666666667;0;2;0;2,5;3;5,5;2;2,5;0;0,5;0;2;1,5;4,5;-6;5;0,12195122;0,4;101,4925373;123,0769231;-21,58438576;84,45155344;117,5106765;-33,05912305;0,666666667;0,4;0,1;2;0,2;1;0;-;0;-;0;-;0,2;0,5;0,2;0,3;0,148148148;0,181818182;0,181818182;0;0,285714286;0,8;0,138888889;0,235294118;0,0625;0;0,222222222;0,2;0,1875;0,333333333;0,174603175;0;0,018181818;0,035714286;0;6,153846154;4,47761194;18,45537305;1,699310034;1,860046018;3,559356052;0,175122069;1,181403972;3,497499053;4,678903025;3,558345314;68,92413202;101,4925373;123,0769231;-21,58438576;0,515151515;0,388888889;0,195121951;0,085365854;0,655737705;0,185185185;0,14516129;0,096774194;73,9359546;125;121,3333333;3,666666667;0,688405797;0,393939394;0,224719101;0,06741573;0,623287671;0,388888889;0,164948454;0,092783505;-5,011822582;-23,50746269;1,743589744;-25,25105243;-0,173254282;-0,005050505;-0,02959715;0,017950123;0,032450034;-0,203703704;-0,019787163;0,003990688
191;Giannoulis Larentzakis;SG;GRE;196;31;Olympiacos Piraeus;1;1;0;1;23;10;2;5;0,4;2;3;0,666666667;4;8;0,5;0;0;-;0;2;2;1;5;4;0;1;3;1;5;2;13;0,25;0,769230769;117,7777778;115,9090909;1,868686869;70,28208082;92,83190928;-22,54982846;0,625;0,625;0,076923077;2;0,230769231;0;0,076923077;2;0,076923077;3;0,153846154;1,5;-;0,384615385;0,230769231;0,153846154;0,058823529;0;0;0,5;0,071428571;0,2;0;0;0;0;0,083333333;0,1;0,1;0;0,047619048;0,090909091;0;0;0;6,818181818;2,222222222;8,863284735;-0,392211079;1,009294269;0,61708319;0,05078874;-1,686384726;-0,710598022;-2,396982748;-0,119454519;78,43137255;117,7777778;115,9090909;1,868686869;0,697368421;0,388888889;0,269230769;0,057692308;0,579545455;0,375;0,2;0,155555556;68,71165644;112,244898;125;-12,75510204;0,567010309;0,392156863;0,18487395;0,084033613;0,666666667;0,256410256;0,140350877;0,070175439;9,719716107;5,532879819;-9,090909091;14,62378891;0,130358112;-0,003267974;0,08435682;-0,026341306;-0,087121212;0,118589744;0,059649123;0,085380117
193;Shaquielle McKissic;SG;USA;196;34;Olympiacos Piraeus;2;1;1;0,5;21;13;1;3;0,333333333;3;5;0,6;4;8;0,5;2;2,5;0,8;0;2,5;2,5;2;2,5;3;0;0;1,5;2;14;-3;11,5;0,247311828;1,130434783;111,25;120,2531646;-9,003164557;122,0917871;100,2461636;21,84562349;0,6875;0,722222222;0,086956522;1;0,173913043;0,5;0;-;0,043478261;3;0,391304348;1,666666667;0,086956522;0,217391304;0,173913043;0,043478261;0,16;0,125;0,25;0;0,148148148;0,8;0;0;0;0;0,151515152;0,214285714;0,125;0;0,073529412;0,075949367;0;0;0;3,797468354;5;15,51090442;0,195150546;1,330759044;1,525909591;0,116259778;-0,151477394;1,081277806;0,929800412;1,098579459;75,26460212;111,25;120,2531646;-9,003164557;0,654411765;0,371428571;0,268817204;0,086021505;0,641891892;0,424242424;0,253333333;0,12;67,22987995;117,4603175;124,5901639;-7,129846474;0,552238806;0,411764706;0,141025641;0,064102564;0,633333333;0,166666667;0,071428571;0,071428571;8,03472217;-6,21031746;-4,336999377;-1,873318083;0,102172959;-0,040336134;0,127791563;0,021918941;0,008558559;0,257575758;0,181904762;0,048571429
194;Nikola Milutinov;C;SRB;213;30;Olympiacos Piraeus;2;1;1;0,5;15;5;1,5;4;0,375;0;0;-;1,5;4;0,375;2;2,5;0,8;3;1;4;1,5;0,5;0;0;0;0;2,5;9,5;6;5,5;0,174603175;0,909090909;139,2156863;118;21,21568627;149,2603951;115,3469343;33,91346077;0,375;0,5;0,090909091;2;0,636363636;0,571428571;0;-;0;-;0;-;0,181818182;0,090909091;0,090909091;0;0,130434783;0;0,214285714;0;0,214285714;3;0,214285714;0,333333333;0;0;0,08;0,181818182;0;0;0,150943396;0;0;0;0;0;9,803921569;23,73441991;1,046495638;1,043638343;2,090133982;0,171322458;0,980993231;2,130639454;3,111632685;2,086363663;67,14207351;139,2156863;118;21,21568627;0,645454545;0,428571429;0,126984127;0,063492063;0,602040816;0,32;0,183673469;0,142857143;74,16862613;100;124,4444444;-24,44444444;0,575;0,365853659;0,259259259;0,083333333;0,658823529;0,289473684;0,145454545;0,072727273;-7,026552628;39,21568627;-6,444444444;45,66013072;0,070454545;0,06271777;-0,132275132;-0,01984127;-0,056782713;0,030526316;0,038218924;0,07012987
195;Nazareth Mitrou Long;PG/SG;CAN;193;31;Olympiacos Piraeus;1;1;0;1;7;0;0;1;0;0;0;-;0;1;0;0;0;-;0;1;1;0;0;0;0;0;0;0;0;7;1;0,058823529;0;138,4615385;91,66666667;46,79487179;0;80,07388889;-80,07388889;0;0;0;-;1;0;0;-;0;-;0;-;-;0;0;0;0;0;0;-;0;0;0;0;-;0;0,083333333;0,142857143;0;0;0,052631579;0;0;0;0;0;0;-0,361232678;-0,198594027;0,083654785;-0,114939242;-0,06212932;-7,517272202;-2,366724731;-9,883996934;-0,812087819;76,09756098;138,4615385;91,66666667;46,79487179;0,6;0,571428571;0,117647059;0,058823529;0,34375;0,333333333;0;0,235294118;71,07061503;111,5384615;125;-13,46153846;0,604166667;0,370967742;0,220779221;0,077922078;0,677966102;0,294117647;0,176056338;0,077464789;5,026945941;26,92307692;-33,33333333;60,25641026;-0,004166667;0,200460829;-0,103132162;-0,019098549;-0,334216102;0,039215686;-0,176056338;0,157829329
196;Kostas Papanikolaou;F/PF;GRE;204;34;Olympiacos Piraeus;2;1;1;0,5;19,5;4;1;2;0,5;0,5;3,5;0,142857143;1,5;5,5;0,272727273;0,5;1,5;0,333333333;1;2;3;0,5;0;0;0;0;1,5;2,5;3,5;1,5;6;0,153846154;0,666666667;129,6875;126,984127;2,703373016;84,4156584;125,0135644;-40,59790597;0,318181818;0,333333333;0;-;0,166666667;1;0,166666667;1;0;-;0,583333333;0,428571429;0,083333333;0;0;0;0,033333333;0,090909091;0;0;0,076923077;0,5;0,058823529;0,117647059;0;0;0,153846154;0;0,266666667;0;0,1;0;0;0;0;4,761904762;7,8125;12,45124717;0,645188472;1,611553379;2,256741851;0,0946223;0,063336133;1,90171228;1,965048413;2,349653869;65,64102564;129,6875;126,984127;2,703373016;0,601449275;0,382352941;0,115384615;0,08974359;0,677966102;0,192307692;0,152542373;0,050847458;77,07317073;101,2658228;118,1818182;-16,9159954;0,606060606;0,4;0,290322581;0,064516129;0,606666667;0,378378378;0,16;0,12;-11,43214509;28,42167722;8,802308802;19,61936841;-0,004611331;-0,017647059;-0,174937965;0,025227461;0,071299435;-0,186070686;-0,007457627;-0,069152542
198;Alec Peters;PF;USA;206;29;Olympiacos Piraeus;2;1;1;0,5;28,5;21,5;2,5;4;0,625;5;6,5;0,769230769;7,5;10,5;0,714285714;1,5;1,5;1;3,5;4,5;8;1;2,5;0,5;0;1;3,5;2,5;23,5;-0,5;13,5;0,219512195;1,592592593;113,7254902;119,3877551;-5,662264906;155,3734284;113,59731;41,77611843;0,952380952;0,977272727;0,111111111;2;0,185185185;0,8;0;-;0,074074074;3;0,407407407;2,181818182;0,037037037;0,185185185;0,037037037;0,148148148;0,066666667;0;0,142857143;0;0,068965517;0,4;0,14893617;0,090909091;0,181818182;0,5;0,219512195;0,266666667;0,2;0;0,181818182;0,010204082;0;0;0;7,142857143;4,901960784;20,02339868;1,506555874;1,798298827;3,304854701;0,129856766;3,072055916;0,776049409;3,848105325;3,503993972;71,57894737;113,7254902;119,3877551;-5,662264906;0,617021277;0,425531915;0,235772358;0,06504065;0,642857143;0,243902439;0,184782609;0,086956522;71,30434783;114,6341463;128,5714286;-13,93728223;0,573170732;0,318181818;0,145833333;0,104166667;0,627906977;0,409090909;0,119402985;0,104477612;0,274599542;-0,908656145;-9,183673469;8,275017324;0,043850545;0,107350097;0,089939024;-0,039126016;0,014950166;-0,16518847;0,065379624;-0,01752109
199;Filip Petrusev;C;SRB;211;24;Olympiacos Piraeus;2;1;1;0,5;7;2,5;0;1;0;0,5;1;0,5;0,5;2;0,25;1;1;1;0;1,5;1,5;0,5;0,5;0;0;0,5;1;1,5;2,5;-4,5;3;0,214285714;0,833333333;108;138,4615385;-30,46153846;73,70574129;121,3219251;-47,61618384;0,375;0,5;0;-;0,333333333;0;0;-;0,166666667;0;0,166666667;3;0,166666667;0,166666667;0;0,166666667;0,125;0;0,25;0;0,142857143;1;0;0;0;-;0,25;0;0,666666667;0,5;0,125;0;0;0;0;7,692307692;12;14,87767473;-0,085361261;0,912749682;0,827388421;0,095651841;-4,673501139;1,338310184;-3,335190954;-0,438297325;72,37635706;108;138,4615385;-30,46153846;0,613636364;0,25;0,214285714;0,071428571;0,692307692;0,5;0,222222222;0,148148148;71,3170486;115,2542373;118,4210526;-3,166815343;0,601769912;0,421052632;0,20979021;0,076923077;0,625;0,254901961;0,143939394;0,083333333;1,059308454;-7,254237288;20,04048583;-27,29472312;0,011866452;-0,171052632;0,004495504;-0,005494505;0,067307692;0,245098039;0,078282828;0,064814815
203;Thomas Walkup;PG/SG;USA;193;32;Olympiacos Piraeus;2;1;1;0,5;21,5;3,5;1;3,5;0,285714286;0,5;3,5;0,142857143;1,5;7;0,214285714;0;0;-;1,5;1;2,5;3,5;0,5;1;0;1;3;1,5;2;-2,5;7,5;0,172413793;0,466666667;106,9444444;120,5882353;-13,64379085;113,5940776;113,85831;-0,264232415;0,25;0,25;0,133333333;0;0,2;0;0,133333333;2;0,066666667;0;0,333333333;0,6;-;0,066666667;0,066666667;0;0,25;0;0,461538462;0,333333333;0,318181818;7;0,078947368;0,105263158;0,055555556;-;0,068965517;0,090909091;0,058823529;0;0,074626866;0,029411765;0;0;0;8,823529412;4,166666667;12,11541536;1,043402281;2,205049487;3,248451768;0,123280902;0,370826119;1,43830584;1,809131959;2,363017922;67,3421668;106,9444444;120,5882353;-13,64379085;0,542253521;0,368421053;0,183908046;0,045977011;0,661290323;0,172413793;0,177419355;0,080645161;76,27573859;121,1267606;123,6111111;-2,484350548;0,671875;0,419354839;0,238095238;0,107142857;0,618055556;0,411764706;0,144329897;0,103092784;-8,933571789;-14,18231612;-3,022875817;-11,1594403;-0,129621479;-0,050933786;-0,054187192;-0,061165846;0,043234767;-0,239350913;0,033089458;-0,022447622
204;Nigel Williams Goss;PG;USA;192;30;Olympiacos Piraeus;2;1;1;0,5;28,5;13,5;3,5;9,5;0,368421053;2;3;0,666666667;5,5;12,5;0,44;0,5;0,5;1;1;2;3;4,5;2,5;2;0;2;2,5;2;11;-1;15;0,24;0,9;120,1923077;122,1153846;-1,923076923;124,8808991;111,8911077;12,98979142;0,52;0,54;0,033333333;2;0,5;0,8;0,1;0;0;-;0,2;2;0;0,166666667;0,133333333;0,033333333;0,225;0,142857143;0,411764706;0;0,230769231;1,8;0,04;0,033333333;0,066666667;0;0,088888889;0;0,090909091;0,25;0,063157895;0,038461538;0;0;0;4,807692308;3,846153846;13,62481874;0,703358178;1,726551531;2,42990971;0,137671938;-1,144456039;0,586298495;-0,558157544;0,746611301;73,73707533;120,1923077;122,1153846;-1,923076923;0,631313131;0,42;0,208;0,088;0,647959184;0,333333333;0,21;0,15;66,14840989;97,43589744;122,2222222;-24,78632479;0,527777778;0,315789474;0,217391304;0,043478261;0,611111111;0,222222222;0,06779661;0;7,588665438;22,75641026;-0,106837607;22,86324786;0,103535354;0,104210526;-0,009391304;0,044521739;0,036848073;0,111111111;0,14220339;0,15
205;Moses Wright;PF/C;USA;206;26;Olympiacos Piraeus;2;1;1;0,5;8;4;1;1;1;0;0;-;1;1;1;2;3;0,666666667;1;2,5;3,5;0;1,5;0;0,5;0;1,5;2;6;-3,5;4;0,205128205;1;97,05882353;114,2857143;-17,22689076;84,08231645;99,53847582;-15,45615937;1;0,8;0,125;2;0,125;2;0;-;0;-;0;-;0,375;0,375;0,25;0,125;0;0;0;-;0;0;0,166666667;0,111111111;0,5;0;0,263157895;0,222222222;0,285714286;0,333333333;0,225806452;0;0,033333333;0,058823529;0;8,571428571;11,76470588;28,72713191;0,410456924;0,664596725;1,075053649;0,181443654;0,933530934;3,553021084;4,486552018;2,007958775;83,01119023;97,05882353;114,2857143;-17,22689076;0,634615385;0,416666667;0,333333333;0,076923077;0,571428571;0,368421053;0,194444444;0,138888889;68,53549908;119,266055;124,7619048;-5,495849716;0,596330275;0,385964912;0,174242424;0,075757576;0,661616162;0,272727273;0,146341463;0,081300813;14,47569115;-22,20723152;-10,47619048;-11,73104104;0,038285109;0,030701754;0,159090909;0,001165501;-0,09018759;0,09569378;0,048102981;0,057588076
206;Kostas Antetokounmpo;F/PF;GRE;208;27;Panathinaikos AKTOR Athens;2;2;0;1;5;0;0;0,5;0;0;0;-;0;0,5;0;0;1;0;0;1;1;0;0,5;0;0,5;0;0,5;1;0;-1;1,5;0,15;0;88,88888889;100;-11,11111111;0;92,98285714;-92,98285714;0;0;0,333333333;0;0;-;0;-;0;-;0;-;0,333333333;0,333333333;0;0,333333333;0;0;0;0;0;0;0;0;0;0;0,166666667;0,2;0,142857143;0;0,095238095;0;0,055555556;0,142857143;0;5,555555556;11,11111111;14,14239042;-0,221330661;0,747199271;0,52586861;0,095179839;-2,475831689;4,042959447;1,567127757;0,516610639;69,34189406;88,88888889;100;-11,11111111;0,533333333;0,222222222;0,25;0,15;0,473684211;0,25;0,1;0,05;70,67273163;123,5772358;98,34710744;25,23012833;0,655172414;0,291666667;0,153284672;0,153284672;0,508547009;0,246153846;0,144927536;0,079710145;-1,330837565;-34,68834688;1,652892562;-36,34123945;-0,12183908;-0,069444444;0,096715328;-0,003284672;-0,034862798;0,003846154;-0,044927536;-0,029710145
208;Jerian Grant;PG;USA;196;32;Panathinaikos AKTOR Athens;2;2;0;1;30;12;3;6;0,5;1,5;2;0,75;4,5;8;0,5625;1,5;2,5;0,6;0,5;3,5;4;3,5;1;1,5;0;0;2,5;1,5;14,5;18,5;10;0,173913043;1,2;127,4509804;91,17647059;36,2745098;149,0553982;85,24002971;63,8153685;0,65625;0,666666667;0,05;2;0,25;0,8;0,3;1;0;-;0,2;2,25;0,1;0,1;0,05;0,05;0,145833333;0,142857143;0,285714286;0;0,259259259;3,5;0,023255814;0;0;0,142857143;0,112903226;0,095238095;0,125;0;0,076190476;0,029411765;0;0;0;4,901960784;2,941176471;14,08370449;2,18850347;2,499494003;4,687997473;0,165653621;1,968133079;1,954235984;3,922369063;3,862418225;68,37988827;127,4509804;91,17647059;36,2745098;0,663265306;0,302325581;0,147826087;0,147826087;0,46039604;0,258064516;0,165048544;0,058252427;76,72131148;97,43589744;118,9189189;-21,48302148;0,575757576;0,214285714;0,214285714;0,166666667;0,628571429;0,2;0,090909091;0,109090909;-8,341423207;30,01508296;-27,74244833;57,75753129;0,08750773;0,088039867;-0,066459627;-0,01884058;-0,168175389;0,058064516;0,074139453;-0,050838482
209;Marius Grigonis;SG;LTU;198;30;Panathinaikos AKTOR Athens;2;2;0;1;12,5;3;1,5;2,5;0,6;0;0,5;0;1,5;3;0,5;0;0;-;0,5;0,5;1;1,5;0,5;0,5;0;0;1,5;0,5;3;0,5;3,5;0,14;0,857142857;97,82608696;100;-2,173913043;124,8473556;98,27;26,57735561;0,5;0,5;0;-;0,571428571;1;0,142857143;2;0;-;0,142857143;0;-;0,142857143;0;0,142857143;0,166666667;0,111111111;0,25;0,2;0,3;3;0,066666667;0;0,125;0;0,05;0;0;0,5;0,057142857;0,022727273;0;0;0;6,818181818;2,173913043;11,99023633;0,886801049;1,819777987;2,706579035;0,106663213;1,155303045;0,826350671;1,981653716;2,328342857;76,0854583;97,82608696;100;-2,173913043;0,625;0,266666667;0,28;0,1;0,536585366;0,2;0,166666667;0,142857143;68,08002389;129,4736842;97,89473684;31,57894737;0,647368421;0,285714286;0,112149533;0,177570093;0,489473684;0,263157895;0,129310345;0,051724138;8,005434417;-31,64759725;2,105263158;-33,75286041;-0,022368421;-0,019047619;0,167850467;-0,077570093;0,047111682;-0,063157895;0,037356322;0,091133005
211;Juancho Hernangomez;C;ESP;209;30;Panathinaikos AKTOR Athens;2;2;0;1;13,5;4;1;1;1;0,5;2,5;0,2;1,5;3,5;0,428571429;0,5;1;0,5;0;2,5;2,5;0,5;1;1;0;0;0,5;0,5;4,5;4,5;5;0,2;0,8;117,3913043;107,1428571;10,2484472;71,01647945;86,30897081;-15,29249136;0,5;0,5;0,2;2;0;-;0;-;0,1;0;0,3;1;0,1;0,2;0,2;0;0,045454545;0;0,166666667;0;0,090909091;0,5;0;0;0;0;0,166666667;0,3;0,105263158;0;0,102040816;0,047619048;0;0;0;2,380952381;2,173913043;10,15454415;-0,734352368;1,383427538;0,64907517;0,05061015;-2,428802664;1,945396228;-0,483406436;0,593460696;69,60907945;117,3913043;107,1428571;10,2484472;0,627906977;0,210526316;0,14;0,18;0,46875;0,333333333;0,08;0,1;70,93963908;120;94,84536082;25,15463918;0,647727273;0,315789474;0,177570093;0,140186916;0,522727273;0,191489362;0,166666667;0,064814815;-1,330559634;-2,608695652;12,29749632;-14,90619197;-0,019820296;-0,105263158;-0,037570093;0,039813084;-0,053977273;0,141843972;-0,086666667;0,035185185
212;Panagiotis Kalaitzakis;F;GRE;200;25;Panathinaikos AKTOR Athens;2;2;0;1;7;3,5;0;0;-;0,5;1;0,5;0,5;1;0,5;2;2;1;0,5;2,5;3;0;0,5;0;0;0;0,5;1,5;6,5;-1;2,5;0,192307692;1,4;95,83333333;80,64516129;15,18817204;109,6505004;74,41855407;35,23194628;0,75;0,875;0;-;0;-;0;-;0;-;0,2;3;0,4;0,2;0;0,2;0;0;0;0;0;0;0,076923077;0;0,25;0;0,238095238;0,142857143;0,285714286;0;0,176470588;0;0;0;0;3,225806452;12,5;12,9658749;0,152707005;0,567434425;0,72014143;0,162743826;1,346514913;0,51519474;1,861709653;0,393795081;67,28971963;95,83333333;80,64516129;15,18817204;0,547619048;0,153846154;0,192307692;0,192307692;0,378787879;0,19047619;0,060606061;0,121212121;71,19675456;123,9316239;103,7037037;20,22792023;0,659090909;0,318181818;0,160305344;0,145038168;0,54368932;0,267857143;0,16;0,064;-3,907034938;-28,0982906;-23,05854241;-5,039748185;-0,111471861;-0,164335664;0,032002349;0,047269524;-0,164901442;-0,077380952;-0,099393939;0,057212121
213;Mathias Lessort;C;FRA;206;29;Panathinaikos AKTOR Athens;2;2;0;1;32,5;17;5,5;9;0,611111111;0;0,5;0;5,5;9,5;0,578947368;6;10;0,6;2;6;8;0,5;3;1;0,5;0;3,5;8,5;21;13;17,5;0,275590551;0,971428571;122,8070175;98,27586207;24,53115547;97,91009224;89,87254926;8,037542982;0,578947368;0,586206897;0,2;1,714285714;0,314285714;0,909090909;0;-;0;-;0,028571429;0;0,285714286;0,171428571;0,085714286;0,085714286;0,02173913;0;0,066666667;0;0,027777778;0,166666667;0,088888889;0,166666667;0;0;0,19047619;0,285714286;0,125;0,2;0,148148148;0,017241379;0,009803922;0,022727273;0;6,034482759;14,9122807;19,50407688;1,158139504;2,666914657;3,825054161;0,125514493;-0,165568319;2,636175468;2,47060715;3,139696125;70,17183893;122,8070175;98,27586207;24,53115547;0,654205607;0,288888889;0,157480315;0,165354331;0,504424779;0,238095238;0,156521739;0,095652174;71,92008879;103,7037037;100;3,703703704;0,583333333;0,25;0,2;0,1;0,5;0,285714286;0,093023256;0,023255814;-1,748249857;19,10331384;-1,724137931;20,82745177;0,070872274;0,038888889;-0,042519685;0,065354331;0,004424779;-0,047619048;0,063498483;0,07239636
215;Konstantinos Mitoglou;PF;GRE;210;28;Panathinaikos AKTOR Athens;2;2;0;1;22;5;1;2;0,5;1;2;0,5;2;4;0,5;0;0;-;0;3,5;3,5;0;0;1;0,5;0;1,5;1,5;8;7,5;4;0,091954023;1,25;125,6410256;106,4102564;19,23076923;100,3904123;99,19859732;1,191814959;0,625;0,625;0,125;2;0,125;0;0,25;1;0;-;0,5;1,5;-;0;0;0;0;0;0;0;0;0;0;0;0;0;0,205882353;0;0,304347826;0;0,107692308;0,025641026;0,015151515;0,033333333;0;3,846153846;3,846153846;15,7553635;0,016978892;2,039212757;2,056191649;0,076795206;-0,530641997;1,404908752;0,874266756;1,918405951;70,88224158;125,6410256;106,4102564;19,23076923;0,653333333;0,290322581;0,137931034;0,126436782;0,584507042;0,176470588;0,180555556;0,069444444;70,03242242;111,1111111;88,52459016;22,58652095;0,625;0,269230769;0,2;0,185714286;0,415384615;0,302325581;0,104651163;0,081395349;0,849819157;14,52991453;17,88566625;-3,355751716;0,028333333;0,021091811;-0,062068966;-0,059277504;0,169122427;-0,125854993;0,075904393;-0,011950904
217;Kendrick Nunn;SG;USA;189;29;Panathinaikos AKTOR Athens;2;2;0;1;29,5;17,5;4;8;0,5;2,5;6;0,416666667;6,5;14;0,464285714;2;2;1;1;2,5;3,5;3;3;0,5;0;0,5;3,5;2;12;11;17,5;0,296610169;1;123,0769231;106;17,07692308;114,1132391;103,0945736;11,01866552;0,553571429;0,603448276;0,085714286;1,333333333;0,314285714;0,909090909;0,057142857;1;0,028571429;3;0,314285714;1,090909091;0,028571429;0,171428571;0,085714286;0,085714286;0,133333333;0,142857143;0,2;0,071428571;0,146341463;1;0,046511628;0,043478261;0,0625;0;0,098039216;0;0,15625;0;0,074468085;0,01;0;0;0;7;3,846153846;14,67350778;0,371941376;1,61736734;1,989308716;0,082715539;-0,577140359;-1,016677779;-1,593818138;0,265176281;70,78842881;123,0769231;106;17,07692308;0,64;0,325581395;0,152542373;0,13559322;0,552083333;0,254901961;0,171717172;0,101010101;69,70172684;108,1081081;79,48717949;28,62092862;0,64516129;0,142857143;0,205128205;0,205128205;0,3875;0,230769231;0,084745763;0,033898305;1,08670197;14,96881497;26,51282051;-11,54400554;-0,00516129;0,182724252;-0,052585832;-0,069534985;0,164583333;0,02413273;0,086971409;0,067111796
218;Ioannis Papapetrou;PF;GRE;207;30;Panathinaikos AKTOR Athens;2;2;0;1;20,5;6,5;1;2;0,5;1;2;0,5;2;4;0,5;1,5;2;0,75;0,5;1,5;2;1;0;0;0;0;2;1;6;10;5;0,128205128;1,3;126,0869565;97,10144928;28,98550725;142,1214419;96,62445882;45,49698305;0,625;0,65;0,1;2;0,1;2;0,2;0;0,2;1,5;0,2;1,5;0,2;0;0;0;0,058823529;0;0,125;0,1;0,166666667;1;0,037037037;0,071428571;0;0;0,076923077;0,071428571;0,083333333;0;0,060606061;0;0;0;0;5,797101449;2,898550725;11,92559582;0,309257019;0,550481281;0,8597383;0,125052844;-0,429440634;0,682247693;0,252807059;0,70322258;66,88206785;126,0869565;97,10144928;28,98550725;0,669230769;0,333333333;0,166666667;0,179487179;0,507575758;0,307692308;0,220588235;0,044117647;74,3545611;112,5;100;12,5;0,613636364;0,233333333;0,164556962;0,126582278;0,5;0,184210526;0,077777778;0,1;-7,47249325;13,58695652;-2,898550725;16,48550725;0,055594406;0,1;0,002109705;0,052904901;0,007575758;0,123481781;0,142810458;-0,055882353
220;Kostas Sloukas;PG;GRE;190;34;Panathinaikos AKTOR Athens;2;2;0;1;21,5;14;1,5;2;0,75;2;3,5;0,571428571;3,5;5,5;0,636363636;5;5,5;0,909090909;0;2;2;3;2;0;0;0;1,5;4,5;17,5;9;10;0,229885057;1,4;112,5;98,63013699;13,86986301;145,0474994;98,99221844;46,05528095;0,818181818;0,875;0,05;2;0,1;1;0,05;2;0;-;0,35;1,714285714;0,25;0,2;0,1;0,1;0,193548387;0,166666667;0,25;0,222222222;0,230769231;1,5;0;0;0;0;0,108108108;0,166666667;0,083333333;0;0,061538462;0;0;0;0;4,109589041;11,25;19,99379063;3,754152258;1,599611866;5,353764124;0,240079109;4,440447326;-0,584017803;3,856429522;3,520114068;74,82462977;112,5;98,63013699;13,86986301;0,642857143;0,25;0,195402299;0,172413793;0,529411765;0,216216216;0,188405797;0,101449275;65,53267681;127,8688525;98,48484848;29,38400397;0,639344262;0,310344828;0,128571429;0,128571429;0,477941176;0,275;0,101123596;0,056179775;9,291952961;-15,36885246;0,145288501;-15,51414096;0,003512881;-0,060344828;0,06683087;0,043842365;0,051470588;-0,058783784;0,087282202;0,0452695
221;Luca Vildoza;PG;ITA;191;29;Panathinaikos AKTOR Athens;1;1;0;1;13;3;0;0;-;1;1;1;1;1;1;0;0;-;0;1;1;0;1;0;0;0;0;0;3;11;2;0,074074074;1,5;120,8333333;81,81818182;39,01515152;143,3544304;82,11176471;61,24266567;1,5;1,5;0;-;0;-;0;-;0;-;0,5;3;-;0,5;0,5;0;0;0;0;0;0;0;0;0;0;0;0,0625;0;0,1;0;0,035714286;0;0;0;0;0;0;11,72458908;-0,098299062;0,742944683;0,64464562;0,061541348;0,623907774;-0,256715238;0,367192536;0,730286443;72,36180905;120,8333333;81,81818182;39,01515152;0,58;0,25;0,074074074;0,148148148;0,375;0,25;0,083333333;0,083333333;70,12987013;118,8034188;101,7094017;17,09401709;0,655660377;0,288888889;0,184615385;0,153846154;0,53125;0,245901639;0,149253731;0,074626866;2,231938915;2,02991453;-19,89121989;21,92113442;-0,075660377;-0,038888889;-0,110541311;-0,005698006;-0,15625;0,004098361;-0,065920398;0,008706468
240;Facundo Campazzo;PG;ARG;179;33;Real Madrid;2;1;1;0,5;26;7,5;1,5;3;0,5;1;3;0,333333333;2,5;6;0,416666667;1,5;2;0,75;1,5;2;3,5;6,5;2;1,5;0;0;3,5;5;14,5;6;9;0,181818182;0,833333333;137,2093023;127,7108434;9,498458952;143,1858154;111,3995566;31,78625879;0,5;0,535714286;0,055555556;0;0,277777778;1,2;0;-;0;-;0,333333333;1;0,111111111;0,222222222;0,055555556;0,166666667;0,302325581;0,130434783;0,666666667;0;0,419354839;3,25;0,081081081;0,076923077;0,083333333;-;0,090909091;0,047619048;0,15;0;0,086419753;0,036144578;0;0;0;8,43373494;11,62790698;17,16835104;3,16753466;2,124002427;5,291537087;0,226375918;3,595829794;-0,180665032;3,415164762;3,041182551;66,048;137,2093023;127,7108434;9,498458952;0,67816092;0,351351351;0,121212121;0,070707071;0,602272727;0,409090909;0,141304348;0,086956522;74,50746269;94,23076923;112,0689655;-17,83819629;0,510416667;0,185185185;0,157894737;0,140350877;0,637254902;0,181818182;0,154929577;0,169014085;-8,459462687;42,97853309;15,64187786;27,33665524;0,167744253;0,166166166;-0,036682616;-0,069643806;-0,034982175;0,227272727;-0,01362523;-0,082057563
241;Fabien Causeur;PG;FRA;195;37;Real Madrid;2;1;1;0,5;5;3;0,5;0,5;1;0,5;0,5;1;1;1;1;0,5;1;0,5;0;0,5;0,5;0;0,5;0;0,5;0;0,5;2;4,5;1,5;2;0,19047619;1,5;140;104,1666667;35,83333333;115,1465798;107,5631641;7,583415696;1,25;1;0;-;0,25;2;0;-;0,25;3;0;-;0,25;0,25;0,25;0;0;0;0;0;0;0;0;0;0;-;0,142857143;0,2;0;0;0,090909091;0;0,071428571;0,111111111;0;4,166666667;20;9,19562483;0,138959679;0,91215614;1,051115818;0,086869076;-1,060460707;0,757713697;-0,30274701;0,508569687;74,53416149;140;104,1666667;35,83333333;0,875;0,25;0,238095238;0,095238095;0,657894737;0,142857143;0,272727273;0,227272727;68,14244466;117,7966102;124,7863248;-6,989714617;0,584033613;0,283333333;0,118518519;0,096296296;0,608333333;0,355932203;0,127659574;0,106382979;6,391716832;22,20338983;-20,61965812;42,82304795;0,290966387;-0,033333333;0,11957672;-0,001058201;0,049561404;-0,213075061;0,145067698;0,120889749
244;Rudy Fernandez;F;ESP;196;39;Real Madrid;2;1;1;0,5;8;0;0;0;-;0;0,5;0;0;0,5;0;0;0;-;0;1;1;1;0,5;1,5;0;0;1,5;0;1;-0,5;1;0,0625;0;113,3333333;109,375;3,958333333;86,88298256;93,08558824;-6,202605676;0;0;0;-;0;-;0;-;0;-;0,5;0;-;0,5;0;0,5;0,133333333;0,125;0,25;0;0,5;2;0;0;0;-;0,2;0,333333333;0;0;0,1;0,09375;0;0;0;9,375;0;10,07381542;0,467874473;0,72008069;1,187955163;0,128081419;1,716213337;3,421045929;5,137259266;2,298186365;75,94936709;113,3333333;109,375;3,958333333;0,68;0,2;0,21875;0,09375;0,673076923;0,2;0,296296296;0,222222222;67,28971963;123,1481481;124,7706422;-1,622494054;0,604545455;0,296296296;0,112903226;0,096774194;0,601769912;0,357142857;0,117647059;0,102941176;8,659647462;-9,814814815;-15,3956422;5,580827387;0,075454545;-0,096296296;0,105846774;-0,003024194;0,071307012;-0,157142857;0,178649237;0,119281046
246;Mario Hezonja;F;CRO;198;29;Real Madrid;2;1;1;0,5;32,5;10;1,5;2,5;0,6;2;9;0,222222222;3,5;11,5;0,304347826;1;1;1;0,5;6,5;7;1;1;1;0;0;1,5;2,5;11;-1;12,5;0,198412698;0,8;120,9090909;120,5357143;0,373376623;89,53979528;105,7948973;-16,25510201;0,391304348;0,434782609;0;-;0,16;1;0,04;2;0,04;0;0,68;0,705882353;0;0,08;0,04;0,04;0,039215686;0,038461538;0,071428571;0;0,074074074;1;0,018518519;0;0,029411765;0;0,224137931;0,2;0,208333333;0,4;0,125;0,017857143;0;0;0;2,678571429;4,545454545;17,96073374;0,31278838;1,891581185;2,204369565;0,099745229;1,321534259;0,576156532;1,897690791;2,016155855;67,55373593;120,9090909;120,5357143;0,373376623;0,604545455;0,296296296;0,126984127;0,087301587;0,586956522;0,362068966;0,147540984;0,106557377;75,33632287;121,4285714;124,137931;-2,709359606;0,68;0,2;0,166666667;0,133333333;0,75;0,125;0,146341463;0,170731707;-7,782586944;-0,519480519;-3,602216749;3,082736229;-0,075454545;0,096296296;-0,03968254;-0,046031746;-0,163043478;0,237068966;0,00119952;-0,06417433
247;Sergio Llull;PG;ESP;190;37;Real Madrid;2;1;1;0,5;16;7,5;1;3;0,333333333;1,5;4,5;0,333333333;2,5;7,5;0,333333333;1;2,5;0,4;0;0,5;0,5;2;1;0;0;0;1;1,5;3;-8,5;9,5;0,287878788;0,789473684;105,2631579;135,0877193;-29,8245614;86,35743697;133,4561662;-47,09872926;0,433333333;0,441176471;0;-;0,315789474;0,666666667;0;-;0;-;0,473684211;1;0,105263158;0,105263158;0,105263158;0;0,19047619;0,222222222;0,25;0,125;0,173913043;2;0;0;0;0;0,052631579;0;0,166666667;0;0,019607843;0;0;0;0;3,50877193;5,263157895;8,536735143;0,269273422;0,883121916;1,152395338;0,0770833;0,003052454;-2,110004029;-2,106951576;-0,042968556;72,80468334;105,2631579;135,0877193;-29,8245614;0,508474576;0,28125;0,106060606;0,151515152;0,712962963;0,157894737;0,111111111;0,185185185;66,5525505;132,0987654;111,9047619;20,19400353;0,703947368;0,28125;0,155555556;0,055555556;0,552941176;0,404255319;0,165137615;0,091743119;6,252132846;-26,83560754;23,18295739;-50,01856493;-0,195472792;0;-0,049494949;0,095959596;0,160021786;-0,246360582;-0,054026504;0,093442066
248;Dzanan Musa;F;BIH;203;25;Real Madrid;2;1;1;0,5;27;17,5;4;6,5;0,615384615;2;5,5;0,363636364;6;12;0,5;3,5;5;0,7;2,5;1,5;4;3;1;1;1;0,5;1;4,5;21;4,5;15;0,285714286;1,166666667;129,3478261;122,2222222;7,125603865;132,0283274;110,2970526;21,73127484;0,583333333;0,625;0,1;1,333333333;0,333333333;1,2;0;-;0,033333333;3;0,333333333;0,9;0,133333333;0,066666667;0,033333333;0,033333333;0,171428571;0,25;0,142857143;0;0,166666667;3;0,113636364;0,25;0,064516129;0;0,06;0,041666667;0,090909091;0;0,085106383;0,022222222;0,023809524;0,045454545;0;2,222222222;9,782608696;20,82095921;2,269534464;1,455953612;3,725488075;0,187918692;4,471394489;-1,007635825;3,463758664;2,535298788;67,35814521;129,3478261;122,2222222;7,125603865;0,632978723;0,295454545;0,104761905;0,085714286;0,578947368;0,36;0,13;0,11;72,53613666;104,3478261;119,6078431;-15,26001705;0,585365854;0,25;0,196078431;0,117647059;0,693181818;0,25;0,174603175;0,142857143;-5,177991452;25;2,614379085;22,38562092;0,04761287;0,045454545;-0,091316527;-0,031932773;-0,11423445;0,11;-0,044603175;-0,032857143
249;Eli Ndiaye;PF;ESP;204;20;Real Madrid;2;1;1;0,5;9;4;0,5;0,5;1;1;1;1;1,5;1,5;1;0;0;-;0;1;1;0;0;0;0;0;1,5;0;3,5;3,5;1,5;0,1;2,666666667;165,5172414;141,3793103;24,13793103;266,6666667;129,0037765;137,6628902;1,333333333;1,333333333;0;-;0,333333333;2;0;-;0,333333333;3;0,333333333;3;-;0;0;0;0;0;0;0;0;0;0;0;0;-;0,125;0,125;0,125;-;0,086956522;0;0;0;0;10,34482759;0;9,176169188;0,070021306;0,498013002;0,568034308;0,088067335;-0,182450295;2,518180229;2,335729934;0,882226787;65,35211268;165,5172414;141,3793103;24,13793103;0,923076923;0,142857143;0,133333333;0,033333333;0,602941176;0,375;0,027777778;0,055555556;70,04016064;109,1743119;116,0714286;-6,897116645;0,54587156;0,298245614;0,134920635;0,111111111;0,619047619;0,32;0,181102362;0,141732283;-4,688047967;56,34292945;25,30788177;31,03504768;0,377205363;-0,155388471;-0,001587302;-0,077777778;-0,016106443;0,055;-0,153324584;-0,086176728
250;Vincent Poirier;C;FRA;213;31;Real Madrid;2;1;1;0,5;17;9,5;3,5;5,5;0,636363636;0;0;-;3,5;5,5;0,636363636;2,5;2,5;1;1,5;2;3,5;1;1;1;0,5;0;3;1,5;11;2,5;7,5;0,205479452;1,266666667;128,125;118,4615385;9,663461538;135,3032368;113,1904024;22,11283441;0,636363636;0,730769231;0,6;1,555555556;0,133333333;0;0;-;0;-;0;-;0,133333333;0,133333333;0,133333333;0;0,071428571;0;0,2;0;0,117647059;1;0,107142857;0,083333333;0,133333333;0;0,19047619;0,125;0,222222222;0,2;0,142857143;0,030769231;0,022727273;0,043478261;0;9,230769231;4,6875;22,31473574;1,236084824;1,584860678;2,820945502;0,165209107;2,203939759;3,435480064;5,639419823;3,144421322;75,73964497;128,125;118,4615385;9,663461538;0,640625;0,321428571;0,123287671;0,123287671;0,726415094;0,19047619;0,296296296;0,166666667;64,06926407;114,8648649;123,6842105;-8,819345661;0,598591549;0,25;0,144578313;0,072289157;0,546511628;0,4;0,073394495;0,100917431;11,6703809;13,26013514;-5,222672065;18,4828072;0,042033451;0,071428571;-0,021290642;0,050998515;0,179903466;-0,20952381;0,222901801;0,065749235
251;Sergio Rodriguez;PG;ESP;191;38;Real Madrid;2;1;1;0,5;16;9,5;2;3,5;0,571428571;1,5;3;0,5;3,5;6,5;0,538461538;1;1;1;0;2,5;2,5;3;0,5;0,5;0;0;2,5;0,5;10;-6,5;7,5;0,223880597;1,266666667;93,44262295;109,375;-15,93237705;147,0175491;104,4350239;42,5825252;0,653846154;0,678571429;0,066666667;2;0,333333333;0,8;0,066666667;2;0;-;0,4;1,5;0,066666667;0,066666667;0,066666667;0;0,315789474;0,5;0,333333333;0,125;0,285714286;6;0;0;0;0;0,185185185;0,214285714;0,222222222;0;0,086206897;0,015625;0;0;0;7,8125;1,639344262;7,790971226;0,497784172;0,829989179;1,327773351;0,108833881;0,822487319;-3,012525959;-2,190038639;-0,064207623;76,21030713;93,44262295;109,375;-15,93237705;0,508928571;0,193548387;0,164179104;0,134328358;0,625;0,259259259;0,254237288;0,237288136;64,1889545;142,8571429;131,1688312;11,68831169;0,696202532;0,363636364;0,112359551;0,06741573;0,608433735;0,384615385;0,086538462;0,057692308;12,02135263;-49,41451991;-21,79383117;-27,62068874;-0,18727396;-0,170087977;0,051819554;0,066912628;0,016566265;-0,125356125;0,167698827;0,179595828
252;Walter Tavares;C;CAB;220;32;Real Madrid;2;1;1;0,5;21,5;6,5;2;2,5;0,8;0;0;-;2;2,5;0,8;2,5;3;0,833333333;1;3;4;0,5;1,5;0;2;0;4,5;2,5;8,5;-3,5;5,5;0,141025641;1,181818182;115,942029;122,5352113;-6,593182282;108,2749851;104,9047891;3,370195963;0,8;0,8125;0,272727273;2;0,181818182;1;0;-;0;-;0;-;0,272727273;0,272727273;0,090909091;0,181818182;0,037037037;0;0,083333333;0;0,083333333;0,333333333;0,060606061;0;0,090909091;0;0,136363636;0,115384615;0,125;0,5;0,103896104;0;0,055555556;0,102564103;0;12,67605634;7,246376812;17,64240084;0,496747508;2,226767357;2,723514864;0,140568509;-0,608016141;4,504537065;3,896520924;2,981802659;62,82245827;115,942029;122,5352113;-6,593182282;0,606060606;0,272727273;0,153846154;0,076923077;0,537037037;0,409090909;0,090909091;0,102272727;76,52495379;126,0869565;120;6,086956522;0,630434783;0,290322581;0,115384615;0,115384615;0,724137931;0,181818182;0,213333333;0,146666667;-13,70249552;-10,14492754;2,535211268;-12,6801388;-0,024374177;-0,017595308;0,038461538;-0,038461538;-0,187100894;0,227272727;-0,122424242;-0,044393939
253;Guerschon Yabusele;PF;FRA;202;29;Real Madrid;2;1;1;0,5;21,5;8,5;1;1;1;2;4,5;0,444444444;3;5,5;0,545454545;0,5;0,5;1;0,5;1;1,5;0;1;0,5;0;0;3;1;5;-6,5;6,5;0,156626506;1,307692308;105,5555556;115,5844156;-10,02886003;108,2441025;111,6425502;-3,398447759;0,727272727;0,772727273;0,076923077;2;0,076923077;2;0;-;0,076923077;3;0,615384615;1,125;0;0,153846154;0,153846154;0;0;0;0;0;0;0;0,025;0;0,038461538;0;0,060606061;0,055555556;0,076923077;0;0,04109589;0,012987013;0;0;0;7,792207792;2,777777778;17,65083718;1,006052929;1,419382601;2,425435531;0,152064924;2,445029283;2,187288849;4,632318132;3,351789169;67,57919437;105,5555556;115,5844156;-10,02886003;0,527777778;0,275;0,13253012;0,096385542;0,618055556;0,333333333;0,205128205;0,166666667;70,61970575;137,8787879;128,125;9,753787879;0,722222222;0,291666667;0,136986301;0,095890411;0,611940299;0,333333333;0,094117647;0,082352941;-3,040511383;-32,32323232;-12,54058442;-19,78264791;-0,194444444;-0,016666667;-0,004456181;0,000495131;0,006115257;0;0,111010558;0,084313725
